{"wi":[[-1.00874043,-0.428151846,0.687682569,-1.08132362,-0.6337478],[0.9694962,-1.89904833,0.519089639,-1.81622982,0.5433807],[0.9660415,0.3703568,1.62963676,-1.44139576,-1.738069],[-1.66822624,-1.2115612,0.0277969837,0.265448332,-0.4620998]],"wo":[[-0.300580263,-0.8606789,-1.03757048],[0.3978889,0.6348056,-0.7911823],[1.71378183,-1.67537355,0.6532492],[1.1428051,1.2477932,-0.461877584],[1.15508318,0.635296762,0.5922827]]}