{"wi":[[1.47016716,-0.428151846,-1.1823287,-1.08132362,0.364763975],[-0.5381057,-1.89904833,-1.7712245,-1.81622982,0.705123842],[-0.8490083,0.3703568,0.263073683,-1.44139576,-0.360744238],[-1.43581009,-1.2115612,-1.36677217,0.265448332,-0.459616423]],"wo":[[0.920082033,-0.8606789,-0.124867678],[-1.00853109,0.6348056,-0.499935865],[-1.35752344,-1.67537355,-0.125048876],[0.9816894,1.2477932,0.320919752],[-1.870647,0.635296762,-0.452389479]]}