{"wi":[[-1.439734,0.310298681,1.81002092,-0.740709543,-1.19687223,0.785336435,-1.40129852,1.71058273,1.80206728,1.61910915,-0.0226876736,-0.9397805,-0.351035833,-1.19114876,-0.7814019,0.640993536,0.745106161,1.66381025,-0.230479479,-0.181779623],[-0.286077738,-1.4334631,-0.471000433,1.99055,1.900279,-1.36908579,0.162822008,1.64759684,-1.34508514,-0.112134218,1.76275158,-1.39121962,-0.005930662,0.277579546,-0.60859704,0.148010015,0.191451311,-1.26768541,1.90780926,1.50709486],[-0.4076407,-1.35766411,1.87723875,0.6714315,1.82846355,-1.27652121,0.5907845,-0.387345552,-1.12821341,-0.482139826,1.89752913,-1.66766644,0.0521147251,-0.2745726,-0.4433024,1.42243767,0.3303535,1.4482789,1.64097309,0.5095243],[1.84262848,1.55599308,-1.72041559,-1.46064043,-0.5010574,-0.004686594,0.496116877,-1.24709225,-1.60053015,1.37039423,1.314703,-0.410559416,1.97925377,-0.8069303,-1.34827518,-1.9191947,-0.3289225,-1.66466427,0.149363756,-0.364828825],[-0.456794977,0.339558363,1.07540131,0.2698691,-0.72114253,-0.9191153,1.6407342,-0.976543665,0.7744469,1.47183228,0.8382277,-1.66793966,0.4293878,1.89571667,1.14606142,-1.3675313,-0.312476873,0.4419725,-0.43619132,0.7597813],[-1.580471,0.6772265,0.505979955,-1.54581118,-1.19318676,-1.70302439,0.127367735,0.0268142223,-1.088242,-1.76824045,-1.83091879,0.9884195,-1.39022732,1.6224041,-0.7346728,0.030469656,0.0506598949,1.30080175,-0.0605785847,0.246187449],[-1.45969248,1.698195,0.3707912,-1.70414543,1.56591511,0.435050726,1.64118147,-1.67658758,1.21169,-1.15713072,1.590528,-0.8593309,-0.6256983,1.38302612,-0.6188414,1.02951527,-0.584452868,-0.202259779,-0.374582052,0.00586771965]],"wo":[[0.7101745],[-1.79924726],[-1.52928162],[-1.007513],[-1.15435123],[-0.59020257],[0.5504598],[0.873462141],[-1.89118433],[-1.066884],[1.3474555],[-0.387677431],[-1.72001076],[-0.236526251],[-1.25842857],[-1.50223351],[0.3143518],[0.07955527],[1.00121546],[-0.5286677]]}