{"wi":[[1.47016716,0.5643291,-1.1823287,0.2913301,0.364763975],[-0.5381057,-0.756151438,-1.7712245,1.70261,0.705123842],[-0.8490083,1.56513453,0.263073683,-0.210891485,-0.360744238],[-1.43581009,-0.134357691,-1.36677217,1.6383357,-0.459616423]],"wo":[[0.920082033,1.65982056,-0.124867678],[-1.00853109,-0.9850085,-0.499935865],[-1.35752344,-1.421577,-0.125048876],[0.9816894,0.69871515,0.320919752],[-1.870647,1.285645,-0.452389479]]}